adb,adb,adb@yahoo.com,adb,MALE,adb
aboood,aboood,aboood@gmail.com,aboood123,MALE,aboood123
Yousef,Haytham,yazo12@gmail.com,yazo12,MALE,yazo12
Yousef,Haytham,yazoeditz@gmail.com,84148414,MALE,yazoeditz
Ahmed,Mohamed,AHmed@gmail.com,84148414,MALE,yazo3
Yousef,Haytham,Yazoeditz@gmail.com,yazo4433,MALE,yazoeditznew
Ahmed,Alaa,AhmedAlaa@gmail.com,ahmdalaa22,MALE,ahmedalaa
Yousef,Haytham,yazoeditz@gmail.com,841484,MALE,yazoeditz2
Merna,Ramadan,Merna@gmail.com,MernaR4,FEMALE,MernaR
Mohamed,Haytham,FXG@GMAIL.COM,Mohamed4,MALE,Mohamed
Hagar,Loay,Hagar@gmail.com,Hagarloay2,MALE,Hagarloay
Fahima,M,Fahima@gmail.com,Fahima2,MALE,Fahima
OMar,Mohamed,Omarhjdks,22,MALE,omar
Ali,ALi,LAI,LAI,MALE,LAI
